{"episode_reward": [-1000.0], "nb_steps": [1000], "mean_absolute_error": [32.356862461102146], "loss": [0.3479838743049634], "nb_episode_steps": [1000], "duration": [16.989778995513916], "episode": [0], "mean_q": [6.635420105856764]}