{"episode_reward": [-598.0, -598.0, -598.0, -598.0, -617.0], "nb_steps": [103, 206, 309, 412, 532], "mean_absolute_error": [58.7928543824416, 45.9595832824707, 34.06290817260742, 31.081493377685547, 33.186790466308594], "loss": [280.36360485905493, 1672.492919921875, 1811.8333740234375, 2293.81103515625, 2285.858154296875], "nb_episode_steps": [103, 103, 103, 103, 120], "duration": [1.360400915145874, 1.2372419834136963, 1.092602014541626, 1.1448578834533691, 1.30000901222229], "episode": [0, 1, 2, 3, 4], "mean_q": [153.48457717895508, 135.21139526367188, 128.42303466796875, 124.15602111816406, 119.87308502197266]}