{"episode_reward": [-1000.0], "nb_steps": [1000], "mean_absolute_error": [28.493828270533314], "loss": [24.39676205864778], "nb_episode_steps": [1000], "duration": [16.831239938735962], "episode": [0], "mean_q": [98.22177231751454]}