{"episode_reward": [-3000.0, -3000.0, -2999.0, -3000.0, -3000.0, -3000.0, -3000.0, -3000.0, -3000.0, -3000.0, -3003.0, -3011.0, -3137.0, -790.0, -3322.0, -897.0, -980.0, -980.0, -910.0, -3270.0, -3216.0, -3140.0, -3370.0, -3113.0, -3118.0, -3128.0, -3255.0, -1000.0, -3121.0, -3133.0, -3214.0, -3138.0, -3118.0, -3140.0, -3150.0, -3125.0, -959.0, -755.0, -768.0, -794.0, -805.0, -848.0, -991.0, -945.0, -988.0, -3193.0, -825.0, -853.0, -886.0, -3544.0, -904.0, -3532.0, -899.0, -3234.0, -3270.0, -853.0, -898.0, -3306.0, -859.0, -902.0, -904.0, -852.0, -3200.0, -891.0, -805.0, -788.0, -787.0, -780.0, -3487.0, -3115.0, -852.0, -3139.0, -834.0, -817.0, -3215.0, -3701.0, -802.0, -848.0, -860.0, -3376.0, -863.0, -3197.0, -883.0, -906.0, -3388.0, -3310.0, -3661.0, -3315.0, -3269.0, -3500.0, -3276.0, -3181.0, -3203.0, -3218.0, -3175.0, -841.0, -3568.0, -3337.0, -3259.0, -3186.0, -3442.0], "nb_steps": [103, 206, 308, 411, 514, 617, 720, 823, 926, 1029, 1135, 1249, 1556, 2556, 2966, 3966, 4966, 5966, 6966, 7352, 7682, 7946, 8439, 8675, 8912, 9158, 9514, 10514, 10757, 11047, 11409, 11687, 11942, 12238, 12583, 12878, 13878, 14878, 15878, 16878, 17878, 18878, 19878, 20878, 21878, 22174, 23174, 24174, 25174, 25915, 26915, 27553, 28553, 28891, 29265, 30265, 31265, 31676, 32676, 33676, 34676, 35676, 35979, 36979, 37979, 38979, 39979, 40979, 41674, 41894, 42894, 43137, 44137, 45137, 45456, 46354, 47354, 48354, 49354, 49945, 50945, 51245, 52245, 53245, 53843, 54256, 55020, 55438, 55876, 56479, 56859, 57143, 57449, 57771, 58049, 59049, 59721, 60217, 60598, 60887, 61498], "mean_absolute_error": [136.8775177001953, 183.54916381835938, 302.32232666015625, 440.08941650390625, 442.21173095703125, 576.2088012695312, 614.4630126953125, 629.9388427734375, 556.0635375976562, 558.9288330078125, 522.4254150390625, 477.1513977050781, 441.8171691894531, 2444.248291015625, 5185.78466796875, 4537.2919921875, 3713.00341796875, 3231.890869140625, 2755.69140625, 2497.539306640625, 2354.96044921875, 2206.91748046875, 2118.3271484375, 2027.497802734375, 1945.8836669921875, 1921.9298095703125, 1799.211181640625, 1656.5653076171875, 1584.6314697265625, 1436.8590087890625, 1371.0286865234375, 1261.48095703125, 1260.1947021484375, 1185.7796630859375, 1116.73291015625, 1027.7352294921875, 920.2678833007812, 711.4741821289062, 618.9754638671875, 541.2169189453125, 477.0907287597656, 414.0963134765625, 345.9721374511719, 296.887939453125, 275.5510559082031, 273.49444580078125, 280.1528015136719, 272.3763427734375, 272.5754089355469, 279.61865234375, 289.9730529785156, 302.19970703125, 310.7671813964844, 320.1737365722656, 332.6033630371094, 334.8555603027344, 337.2048645019531, 342.1664733886719, 341.1553039550781, 339.6853942871094, 331.7967529296875, 318.0323486328125, 313.6039123535156, 300.59393310546875, 281.1184387207031, 265.3984375, 257.94158935546875, 268.2782897949219, 297.6592712402344, 301.240478515625, 353.05859375, 371.5802001953125, 443.89996337890625, 498.51483154296875, 555.1007690429688, 636.4618530273438, 705.4796752929688, 795.1951904296875, 915.140625, 1029.81689453125, 1127.0426025390625, 1182.94921875, 1239.9613037109375, 1332.6158447265625, 1524.347900390625, 1662.186279296875, 1800.7774658203125, 1884.028564453125, 1912.9993896484375, 1900.5623779296875, 1998.2230224609375, 2025.8380126953125, 2035.3682861328125, 2288.627197265625, 2231.821533203125, 2303.79736328125, 2524.72314453125, 2854.813720703125, 3075.64111328125, 3027.771484375, 3111.634521484375], "loss": [29.666748046875, 22201.279296875, 34747.88671875, 25099.38671875, 20934.8515625, 22907.369140625, 30792.689453125, 23660.587890625, 20858.068359375, 22122.416015625, 25641.271484375, 19480.982421875, 19435.181640625, 72792.6640625, 132137.78125, 79807.4140625, 34723.1171875, 17594.39453125, 15015.8642578125, 9385.3271484375, 13175.3935546875, 10062.0595703125, 5216.32373046875, 6991.64453125, 7401.94775390625, 9275.4130859375, 8741.2158203125, 6366.46728515625, 8782.9052734375, 6515.66015625, 7886.810546875, 6271.40576171875, 7944.1416015625, 11668.0615234375, 4600.3828125, 10791.310546875, 7374.841796875, 7240.11181640625, 8305.8134765625, 7928.890625, 7183.38623046875, 6527.53955078125, 7837.54736328125, 5795.08203125, 5855.9384765625, 5833.548828125, 6358.017578125, 4861.87841796875, 3848.336181640625, 5164.029296875, 5585.78857421875, 4607.3056640625, 5508.29833984375, 3888.787353515625, 7179.89501953125, 6024.2236328125, 6179.66015625, 6014.806640625, 4737.45849609375, 4223.4404296875, 5146.22705078125, 4482.44140625, 4294.50048828125, 4088.78173828125, 5041.2666015625, 3442.144775390625, 3539.283447265625, 7243.34326171875, 8333.599609375, 7705.24658203125, 10885.6572265625, 9556.9560546875, 14640.126953125, 14916.2724609375, 14824.5732421875, 19876.6484375, 21366.861328125, 28022.03125, 28563.615234375, 31709.2421875, 33477.375, 43606.21484375, 38367.01953125, 43240.515625, 63863.31640625, 72319.3203125, 68695.9140625, 84611.828125, 70998.09375, 71135.6328125, 93604.0390625, 96121.7109375, 100394.3671875, 134600.15625, 102090.21875, 106893.625, 138015.34375, 174851.6875, 198327.640625, 126839.7890625, 178281.25], "nb_episode_steps": [103, 103, 102, 103, 103, 103, 103, 103, 103, 103, 106, 114, 307, 1000, 410, 1000, 1000, 1000, 1000, 386, 330, 264, 493, 236, 237, 246, 356, 1000, 243, 290, 362, 278, 255, 296, 345, 295, 1000, 1000, 1000, 1000, 1000, 1000, 1000, 1000, 1000, 296, 1000, 1000, 1000, 741, 1000, 638, 1000, 338, 374, 1000, 1000, 411, 1000, 1000, 1000, 1000, 303, 1000, 1000, 1000, 1000, 1000, 695, 220, 1000, 243, 1000, 1000, 319, 898, 1000, 1000, 1000, 591, 1000, 300, 1000, 1000, 598, 413, 764, 418, 438, 603, 380, 284, 306, 322, 278, 1000, 672, 496, 381, 289, 611], "duration": [1.6085801124572754, 1.501575231552124, 1.28609299659729, 1.3907580375671387, 1.4167160987854004, 1.4607150554656982, 1.5400679111480713, 1.659364938735962, 1.1058530807495117, 1.0651350021362305, 1.177955150604248, 1.2189710140228271, 3.0520479679107666, 10.126852989196777, 4.244308948516846, 11.123389959335327, 10.499376058578491, 10.448238134384155, 10.711827993392944, 3.9031779766082764, 3.3031041622161865, 2.7345869541168213, 5.067692995071411, 2.36324405670166, 2.5821521282196045, 2.482612133026123, 3.6149871349334717, 10.025712966918945, 2.451935052871704, 2.873548984527588, 3.6218860149383545, 2.9254798889160156, 2.6940488815307617, 3.1071269512176514, 3.7187070846557617, 3.0748720169067383, 9.192889928817749, 10.195420980453491, 10.531851053237915, 11.312878131866455, 11.428030967712402, 13.19524598121643, 10.3229660987854, 10.634972095489502, 10.26016092300415, 3.0259480476379395, 10.416901111602783, 10.711390972137451, 10.724403142929077, 7.6447460651397705, 10.402690887451172, 6.6314311027526855, 13.070246934890747, 3.7831881046295166, 4.010451078414917, 14.579230070114136, 11.023806095123291, 4.242969036102295, 10.400264978408813, 11.218910932540894, 12.439916133880615, 11.974013090133667, 3.1787750720977783, 10.33988094329834, 10.312571048736572, 10.313055992126465, 10.315030097961426, 10.7588951587677, 8.588176012039185, 2.690901041030884, 11.776472091674805, 3.2908360958099365, 10.894649982452393, 10.931460857391357, 3.3032000064849854, 9.465646028518677, 10.413290977478027, 10.28092908859253, 10.757841110229492, 6.063223123550415, 10.481765031814575, 2.987762928009033, 10.424706935882568, 14.303016185760498, 8.894834041595459, 4.353267192840576, 8.115375995635986, 4.2917869091033936, 4.736238956451416, 7.311596870422363, 4.810615062713623, 4.21896505355835, 6.949532985687256, 8.757933855056763, 7.333467960357666, 23.91050100326538, 16.7183198928833, 12.13772702217102, 9.81696891784668, 6.303898096084595, 7.693190097808838],