{"episode_reward": [-1785.9504733756185, 19.02610076032579], "nb_steps": [570, 1570], "mean_absolute_error": [0.8230456064886121, 1.5257556438446045], "loss": [2.4651314114798297, 135.8828582763672], "nb_episode_steps": [570, 1000], "duration": [7.343935966491699, 12.439889907836914], "episode": [0, 1], "mean_q": [-30.422217163704097, -29.74143409729004]}