{"episode_reward": [-861.9142365455627], "nb_steps": [106], "mean_absolute_error": [26.75383653640747], "loss": [561.1066475868225], "nb_episode_steps": [106], "duration": [1.2357680797576904], "episode": [0], "mean_q": [-42.91694583892822]}