{"loss": [1.2842323666083204], "nb_steps": [1000], "episode_reward": [-1000.0], "mean_squared_error": [168.71665537344768], "nb_episode_steps": [1000], "duration": [18.50674605369568], "episode": [0], "mean_q": [16.94686946527222]}