{"episode_reward": [-664.0, 132.0, -668.0, -654.0, -666.0, -684.0, -675.0, -679.0, 140.0, -658.0, -671.0, -650.0, 138.0, -852.0, -846.0, -749.0, -765.0, -962.0, -726.0, -1000.0, -895.0, -761.0, -799.0, -770.0], "nb_steps": [85, 1085, 1186, 1299, 1390, 1487, 1587, 1685, 2685, 2842, 3014, 3163, 4163, 5163, 5502, 5552, 5618, 6618, 7618, 8618, 8814, 8876, 8976, 9051], "mean_absolute_error": [92.35017462337719, 45.016178131103516, 51.2133903503418, 54.312782287597656, 56.68911361694336, 58.32627868652344, 59.604705810546875, 60.390506744384766, 57.68781280517578, 53.43791580200195, 55.08026123046875, 55.99703598022461, 53.2953987121582, 52.47748565673828, 56.184730529785156, 61.34135437011719, 61.26028060913086, 58.85367965698242, 61.0478401184082, 73.0489501953125, 80.48333740234375, 82.8133773803711, 82.37562561035156, 82.03268432617188], "loss": [55.48680731829475, 446.1767883300781, 342.8326110839844, 411.796630859375, 446.19110107421875, 768.0285034179688, 685.6582641601562, 763.2369384765625, 695.1544189453125, 413.1173400878906, 440.5159912109375, 654.676513671875, 435.7209777832031, 328.1195373535156, 409.27630615234375, 138.6991729736328, 365.5380859375, 407.26519775390625, 372.20953369140625, 296.4198303222656, 104.75702667236328, 412.9429016113281, 286.1934509277344, 573.364501953125], "nb_episode_steps": [85, 1000, 101, 113, 91, 97, 100, 98, 1000, 157, 172, 149, 1000, 1000, 339, 50, 66, 1000, 1000, 1000, 196, 62, 100, 75], "duration": [1.2434520721435547, 10.451782941818237, 1.3214969635009766, 1.1132171154022217, 0.9261569976806641, 0.9228940010070801, 0.9477801322937012, 0.970350980758667, 10.384881973266602, 1.4850611686706543, 1.7071161270141602, 1.4333159923553467, 9.429821968078613, 9.600714921951294, 3.175856828689575, 0.502410888671875, 0.6762299537658691, 9.911364078521729, 9.733973026275635, 9.906641006469727, 1.9466640949249268, 0.6356029510498047, 1.002403974533081, 0.7279889583587646], "episode": [0, 1, 2, 3, 4, 5, 6, 7, 8, 9, 10, 11, 12, 13, 14, 15, 16, 17, 18, 19, 20, 21, 22, 23], "mean_q": [137.24481358247644, 69.46306610107422, 83.12515258789062, 83.44596862792969, 82.68646240234375, 84.38401794433594, 81.3170394897461, 79.27518463134766, 79.21510314941406, 76.50837707519531, 76.64698028564453, 71.81607055664062, 69.19994354248047, 51.133506774902344, 29.814796447753906, 34.15739440917969, 36.28947067260742, 18.794902801513672, 8.870866775512695, 20.355762481689453, 28.099863052368164, 35.266719818115234, 30.74256134033203, 29.54776954650879]}