{"loss": [0.4305336519942752], "nb_steps": [170], "episode_reward": [-535.0], "mean_squared_error": [4950.268581358325], "nb_episode_steps": [170], "duration": [3.429396867752075], "episode": [0], "mean_q": [-6.817524040446562]}