{"episode_reward": [-663.0, -668.0, -677.0, -695.0, -663.0, -645.0, -677.0, -624.0], "nb_steps": [38, 79, 107, 115, 163, 219, 249, 350], "mean_absolute_error": [NaN, 6.8981349383081705, 12.349329948425293, 9.467008590698242, 10.654321670532227, 11.577689170837402, 13.88760757446289, 12.905342102050781], "loss": [NaN, 3299.678862316268, 8463.900390625, 4819.67724609375, 5637.3203125, 6884.9072265625, 6652.3447265625, 5687.974609375], "nb_episode_steps": [38, 41, 28, 8, 48, 56, 30, 101], "duration": [0.39627695083618164, 1.4940400123596191, 0.42973899841308594, 0.13758611679077148, 0.7181100845336914, 0.7789230346679688, 0.4539339542388916, 1.5018980503082275], "episode": [0, 1, 2, 3, 4, 5, 6, 7], "mean_q": [NaN, 19.54472075189863, 16.995872497558594, 16.857633590698242, 17.91839599609375, 17.64644432067871, 16.036701202392578, 17.990436553955078]}