{"loss": [91.7022255416194, 46.93305206298828, 44.630741119384766, 50.644371032714844], "nb_steps": [1000, 2000, 3000, 4000], "episode_reward": [-1000.0, -1000.0, -1000.0, -1000.0], "mean_squared_error": [4826.363726825935, 4608.8291015625, 5233.42578125, 5374.15478515625], "nb_episode_steps": [1000, 1000, 1000, 1000], "duration": [20.759459972381592, 13.367406845092773, 13.64510989189148, 14.099313020706177], "episode": [0, 1, 2, 3], "mean_q": [189.2579875499858, 182.3919677734375, 187.98060607910156, 187.2974853515625]}