{"loss": [71.13007510212871, 2671.99462890625, 3082.6123046875, 2697.896484375, 2020.4718017578125, 1820.963134765625, 3429.14794921875, 2307.166748046875, 2137.279052734375, 2206.01416015625, 2479.938232421875, 1838.376220703125, 1836.7275390625, 1712.545166015625, 1428.2237548828125, 1799.1123046875, 1695.5689697265625, 2328.760498046875, 1668.4625244140625, 1646.6494140625, 1744.1026611328125, 2070.10986328125, 1348.247314453125, 2137.949951171875, 1600.8946533203125, 1875.5570068359375, 1782.7591552734375, 1940.55126953125, 2292.3994140625, 1954.5758056640625, 2300.9287109375, 1567.6373291015625, 1433.1865234375, 1526.7967529296875, 1646.213134765625, 1329.8726806640625, 936.0159301757812, 1480.73876953125, 1563.9136962890625, 1240.7413330078125, 1300.729248046875, 1146.3909912109375, 1213.7518310546875, 1227.3538818359375, 1076.5557861328125, 1023.9810791015625, 931.1663208007812, 877.2510986328125, 732.3462524414062, 654.6727294921875, 730.6211547851562, 595.8115844726562, 671.4266967773438, 478.6414489746094, 624.2456665039062, 469.385498046875, 473.983154296875, 1041.8853759765625, 658.4302978515625, 793.609130859375, 681.7120361328125, 391.0688781738281, 716.0504150390625, 542.653076171875, 607.497802734375, 448.93121337890625, 753.4642333984375, 1004.3561401367188, 554.3955078125, 351.955322265625, 444.5958557128906, 482.73162841796875, 384.4164123535156, 849.8828735351562, 592.9469604492188, 510.8721618652344, 566.6292724609375, 624.0731201171875, 401.6553955078125, 686.7859497070312, 606.9487915039062, 578.2369384765625, 998.0562133789062, 532.6978759765625, 662.3009033203125, 687.806640625, 472.4231872558594, 499.7777404785156, 567.283935546875, 673.20263671875, 599.896728515625, 575.0205078125, 585.7999267578125, 530.0516967773438, 561.1445922851562, 688.390380859375, 543.4102172851562, 618.1968994140625, 429.9476318359375, 688.1871948242188, 465.7730712890625, 534.039794921875, 677.9393920898438, 631.2086791992188, 350.3840637207031, 681.2803344726562, 566.9169921875, 323.1372375488281, 796.7212524414062, 493.0430603027344, 328.4397888183594, 558.7276000976562, 524.05224609375, 589.5386962890625, 475.18035888671875, 566.2386474609375, 436.30987548828125, 725.6690063476562, 679.5060424804688, 645.9200439453125, 573.0104370117188, 544.6903076171875, 658.4176635742188, 560.8656616210938, 619.4755859375, 528.3005981445312], "nb_steps": [69, 143, 215, 451, 592, 661, 695, 895, 968, 1081, 1343, 1402, 1665, 1863, 1975, 2043, 2242, 2309, 2455, 2590, 2770, 2906, 2940, 3077, 3139, 3338, 3589, 3862, 4076, 4236, 4382, 4663, 4861, 4953, 5314, 5402, 5458, 5769, 6769, 7049, 7327, 7781, 8781, 9104, 10104, 11104, 12104, 13104, 14104, 15104, 16104, 17104, 17997, 18656, 19034, 19235, 19768, 19882, 20146, 20687, 21079, 21376, 21787, 22324, 22754, 23223, 23595, 23741, 24036, 24211, 24282, 24788, 24955, 25367, 26367, 26724, 27077, 27472, 27870, 28224, 28586, 28916, 29053, 29289, 29672, 30013, 30232, 30481, 30692, 31147, 31519, 31899, 32143, 32498, 33056, 33357, 33906, 34906, 35305, 35774, 35984, 36389, 36707, 37099, 37397, 37633, 38070, 38470, 38871, 39074, 39247, 39578, 39908, 40148, 40404, 40589, 40947, 41163, 41491, 42491, 43020, 43230, 43592, 43916, 44422, 44966], "episode_reward": [-630.0, -627.0, -633.0, -463.0, -566.0, -632.0, -669.0, -521.0, -652.0, -604.0, -451.0, -644.0, -558.0, -519.0, -609.0, -633.0, -560.0, -634.0, -579.0, -612.0, -531.0, -571.0, -687.0, -648.0, -679.0, -612.0, -652.0, -578.0, -633.0, -653.0, -653.0, -632.0, -655.0, -609.0, -616.0, -637.0, -661.0, -600.0, 418.0, -651.0, -597.0, -537.0, 48.0, -740.0, 2.0, 48.0, 154.0, 102.0, 134.0, 204.0, 4.0, 146.0, -782.0, -738.0, -701.0, -772.0, -882.0, -661.0, -661.0, -840.0, -821.0, -872.0, -724.0, -732.0, -745.0, -734.0, -691.0, -737.0, -718.0, -696.0, -736.0, -799.0, -728.0, -713.0, 56.0, -658.0, -714.0, -714.0, -825.0, -733.0, -669.0, -711.0, -758.0, -791.0, -730.0, -732.0, -806.0, -706.0, -776.0, -798.0, -713.0, -749.0, -709.0, -708.0, -791.0, -772.0, -770.0, -140.0, -768.0, -816.0, -635.0, -740.0, -767.0, -709.0, -745.0, -837.0, -828.0, -673.0, -764.0, -820.0, -778.0, -834.0, -727.0, -729.0, -829.0, -768.0, -893.0, -833.0, -755.0, -232.0, -788.0, -767.0, -843.0, -709.0, -749.0, -863.0], "mean_squared_error": [407.9728240966797, 2241.783935546875, 2481.296630859375, 1943.4591064453125, 1697.0584716796875, 1884.554931640625, 3054.295166015625, 2820.907470703125, 2506.228271484375, 2227.055908203125, 2797.824951171875, 2814.553466796875, 3888.45947265625, 5216.14404296875, 5475.2314453125, 5568.994140625, 6521.96337890625, 7421.0498046875, 6688.3115234375, 7104.13720703125, 8121.6181640625, 8713.623046875, 8940.677734375, 10113.3447265625, 11888.9599609375, 12346.52734375, 12720.2275390625, 13693.8984375, 15042.4345703125, 15458.287109375, 15050.6298828125, 15127.8251953125, 16206.720703125, 17113.037109375, 19587.91796875, 21918.59375, 21238.88671875, 21465.46875, 21316.498046875, 23832.490234375, 25257.15234375, 23672.87890625, 21060.31640625, 21553.36328125, 17402.818359375, 14534.7080078125, 16676.09765625, 12461.048828125, 7568.822265625, 6053.37060546875, 4336.49072265625, 3188.82080078125, 2920.07470703125, 2971.928955078125, 3661.998291015625, 2578.4228515625, 2831.633544921875, 3110.028076171875, 2994.511474609375, 3269.67919921875, 2853.406494140625, 2696.351806640625, 2867.315673828125, 2822.660400390625, 2700.767333984375, 2634.07275390625, 2759.197998046875, 2770.11279296875, 2629.62109375, 2466.467041015625, 2735.16455078125, 2507.295166015625, 2256.8447265625, 2861.224609375, 2604.778076171875, 2389.202392578125, 2600.25634765625, 2525.252685546875, 2390.8369140625, 2455.639404296875, 2485.715576171875, 2470.491943359375, 2888.353271484375, 2393.78076171875, 2595.966552734375, 2338.49658203125, 2183.310302734375, 2141.118408203125, 2493.12939453125, 2357.38232421875, 2242.00634765625, 2218.816650390625, 2365.546630859375, 2282.155517578125, 2304.384521484375, 2238.220458984375, 2268.45263671875, 2149.4853515625, 2092.431640625, 2235.8408203125, 2086.33740234375, 2127.19189453125, 2161.934814453125, 2175.05615234375, 1899.9871826171875, 2195.705078125, 2034.8673095703125, 1895.276611328125, 2191.3427734375, 1890.20703125, 1880.865966796875, 1939.2666015625, 1979.6370849609375, 2031.4437255859375, 2002.7587890625, 1902.471435546875, 1846.2525634765625, 2071.83154296875, 2252.158935546875, 1937.7449951171875, 2075.721923828125, 1797.765380859375, 1953.6553955078125, 1735.1260986328125, 1847.6043701171875, 1826.3973388671875], "nb_episode_steps": [69, 74, 72, 236, 141, 69, 34, 200, 73, 113, 262, 59, 263, 198, 112, 68, 199, 67, 146, 135, 180, 136, 34, 137, 62, 199, 251, 273, 214, 160, 146, 281, 198, 92, 361, 88, 56, 311, 1000, 280, 278, 454, 1000, 323, 1000, 1000, 1000, 1000, 1000, 1000, 1000, 1000, 893, 659, 378, 201, 533, 114, 264, 541, 392, 297, 411, 537, 430, 469, 372, 146, 295, 175, 71, 506, 167, 412, 1000, 357, 353, 395, 398, 354, 362, 330, 137, 236, 383, 341, 219, 249, 211, 455, 372, 380, 244, 355, 558, 301, 549, 1000, 399, 469, 210, 405, 318, 392, 298, 236, 437, 400, 401, 203, 173, 331, 330, 240, 256, 185, 358, 216, 328, 1000, 529, 210, 362, 324, 506, 544],