{"episode_reward": [-664.0, -548.0, -1126.0, 190.0, 102.0, 32.0, 42.0, 16.0, -612.0, 12.0, -12.0, -711.0, -644.0, 0.0, 36.0, -675.0, -663.0, 22.0, 48.0, -665.0, 68.0, -707.0, -703.0, -716.0, -691.0, -741.0, -710.0, -695.0, -732.0, -700.0, -727.0, -714.0, -804.0, -749.0, -36.0, -1431.0, -809.0, 100.0, 112.0, 44.0, -324.0, -86.0, -78.0, -682.0, -630.0, -659.0, -649.0, -394.0, -414.0, -78.0, -156.0, -104.0, -1036.0, -348.0, -861.0, -958.0, -686.0, -780.0, -660.0, -1056.0, -458.0, -702.0, -699.0, -664.0, -886.0, -742.0, -674.0, -1341.0, -664.0, -1194.0, -719.0, -778.0, -778.0, -724.0, -892.0, -741.0, -751.0, -818.0, -746.0, -878.0, -751.0, -770.0, -734.0, -884.0, -920.0, -788.0, -1260.0, -986.0, -912.0, -990.0, -992.0, -990.0], "nb_steps": [77, 324, 1133, 2133, 3133, 4133, 5133, 6133, 6348, 7348, 8348, 8424, 8557, 9557, 10557, 10669, 10803, 11803, 12803, 12939, 13939, 14063, 14185, 14306, 14450, 14576, 14705, 14829, 14946, 15059, 15189, 15320, 15511, 15631, 16631, 17411, 17615, 18615, 19615, 20615, 21615, 22615, 23615, 24615, 24824, 24940, 25134, 26134, 27134, 28134, 29134, 30134, 30885, 31885, 32271, 32850, 33053, 33380, 33537, 34238, 35238, 35441, 35529, 35684, 36119, 36202, 36375, 37253, 37380, 38141, 38347, 38534, 38709, 39709, 40144, 40212, 40314, 41314, 41375, 42375, 42477, 42592, 42661, 43661, 44661, 44770, 45333, 46333, 46590, 47590, 48590, 49590], "mean_absolute_error": [98.77589269784781, 53.65811538696289, 42.151641845703125, 42.676307678222656, 40.90387725830078, 39.75712966918945, 38.118438720703125, 36.548526763916016, 36.016357421875, 34.947200775146484, 33.43210983276367, 32.35414123535156, 33.07424545288086, 32.63030242919922, 30.960857391357422, 30.757505416870117, 30.507020950317383, 30.553104400634766, 29.442575454711914, 29.119489669799805, 28.85220718383789, 28.061857223510742, 29.347461700439453, 28.580902099609375, 29.325599670410156, 29.096927642822266, 29.30134391784668, 29.616138458251953, 30.006553649902344, 30.328298568725586, 31.027835845947266, 30.630165100097656, 31.408069610595703, 31.617107391357422, 31.283742904663086, 31.733745574951172, 32.19173049926758, 32.50016784667969, 32.28959655761719, 32.091487884521484, 32.55927276611328, 32.213985443115234, 32.23601150512695, 31.813922882080078, 31.32552146911621, 31.468873977661133, 31.428550720214844, 30.710874557495117, 30.354812622070312, 30.259397506713867, 30.075389862060547, 29.897998809814453, 29.804306030273438, 29.806724548339844, 29.84279441833496, 30.097963333129883, 30.189491271972656, 29.886924743652344, 30.387231826782227, 30.156309127807617, 31.77735710144043, 32.111148834228516, 32.274559020996094, 33.17720413208008, 33.07686233520508, 33.34218215942383, 33.088905334472656, 34.07331085205078, 34.21810531616211, 34.50859832763672, 34.87967300415039, 35.851951599121094, 36.01667022705078, 36.2700080871582, 36.79220199584961, 37.055320739746094, 37.04913330078125, 37.71661376953125, 38.01714324951172, 38.95341491699219, 39.928184509277344, 38.89813232421875, 39.56773376464844, 40.98612976074219, 43.22776412963867, 44.378440856933594, 46.0411376953125, 47.99534606933594, 49.532936096191406, 51.5205078125, 55.64536666870117, 60.645652770996094], "loss": [73.3574052957388, 1039.8179931640625, 668.6538696289062, 414.6454162597656, 213.9027099609375, 166.9569549560547, 96.63866424560547, 111.8790283203125, 89.82256317138672, 95.98368835449219, 155.11537170410156, 79.540771484375, 190.73812866210938, 156.18113708496094, 119.3658218383789, 207.5590362548828, 9.138307571411133, 153.67071533203125, 139.91375732421875, 134.09271240234375, 113.29619598388672, 144.15536499023438, 148.15142822265625, 56.58086013793945, 86.54322814941406, 99.35762023925781, 182.88555908203125, 187.48904418945312, 293.0543518066406, 205.93603515625, 441.4194641113281, 308.457763671875, 214.9544677734375, 337.3476257324219, 309.1347351074219, 288.4390563964844, 204.9242706298828, 256.1087646484375, 246.2794189453125, 208.2849578857422, 248.0640869140625, 187.11366271972656, 213.86016845703125, 186.69078063964844, 145.63291931152344, 227.62911987304688, 356.5821838378906, 187.884033203125, 144.57298278808594, 210.00694274902344, 225.64186096191406, 181.68716430664062, 187.4623565673828, 156.70248413085938, 177.0615692138672, 231.77841186523438, 235.2823028564453, 243.20143127441406, 387.6944885253906, 162.01913452148438, 260.6202392578125, 153.96456909179688, 150.11895751953125, 263.32147216796875, 223.9307098388672, 83.44034576416016, 111.13420867919922, 241.3032684326172, 320.57342529296875, 161.3934326171875, 231.3855438232422, 346.8114013671875, 305.3866271972656, 292.4499816894531, 240.29620361328125, 262.0613098144531, 291.0623474121094, 186.86703491210938, 386.7493591308594, 189.36810302734375, 373.44970703125, 272.3154296875, 106.09345245361328, 239.97657775878906, 286.8664855957031, 174.66294860839844, 226.0695037841797, 305.5408935546875, 249.2749786376953, 237.36085510253906, 220.9610595703125, 208.08370971679688], "nb_episode_steps": [77, 247, 809, 1000, 1000, 1000, 1000, 1000, 215, 1000, 1000, 76, 133, 1000, 1000, 112, 134, 1000, 1000, 136, 1000, 124, 122, 121, 144, 126, 129, 124, 117, 113, 130, 131, 191, 120, 1000, 780, 204, 1000, 1000, 1000, 1000, 1000, 1000, 1000, 209, 116, 194, 1000, 1000, 1000, 1000, 1000, 751, 1000, 386, 579, 203, 327, 157, 701, 1000, 203, 88, 155, 435, 83, 173, 878, 127, 761, 206, 187, 175, 1000, 435, 68, 102, 1000, 61, 1000, 102, 115, 69, 1000, 1000, 109, 563, 1000, 257, 1000, 1000, 1000], "duration": [1.175907850265503, 3.479875087738037, 11.623300075531006, 14.368606090545654, 12.329044818878174, 11.478267908096313, 12.188558101654053, 9.649008989334106, 2.413012981414795, 9.426409006118774, 9.829642057418823, 1.1248488426208496, 2.002784013748169, 11.307821989059448, 11.689664125442505, 1.703502893447876, 1.393028974533081, 12.703006029129028, 10.835492134094238, 1.4287848472595215, 10.574854135513306, 1.2123510837554932, 1.2131850719451904, 1.1523089408874512, 1.4125640392303467, 1.2795710563659668, 1.2671208381652832, 1.2291789054870605, 1.1873939037322998, 1.0878219604492188, 1.2400238513946533, 1.2528879642486572, 1.9574739933013916, 1.3447439670562744, 10.07327389717102, 8.60356616973877, 2.282871961593628, 10.916198968887329, 10.660484075546265, 10.370110034942627, 9.705445766448975, 9.368886947631836, 9.59337592124939, 9.626121997833252, 2.0400390625, 1.1104118824005127, 1.8480710983276367, 9.453212022781372, 9.653621196746826, 9.389272212982178, 12.471869945526123, 10.938719034194946, 8.340739965438843, 9.53783392906189, 3.6588590145111084, 5.741021156311035, 1.9424800872802734, 3.244755983352661, 1.4953150749206543, 6.77723503112793, 10.004109859466553, 2.151298999786377, 0.8589630126953125, 1.4688520431518555, 4.8356688022613525, 0.9285039901733398, 2.5821731090545654, 10.655350923538208, 1.3148720264434814, 8.081538200378418, 2.105410099029541, 1.9789469242095947, 1.7607190608978271, 10.37388300895691, 4.6874840259552, 0.7734317779541016, 1.423692226409912, 10.585591077804565, 0.6115250587463379, 10.171005964279175, 1.016050100326538, 1.1096720695495605, 0.6846230030059814, 10.054597854614258, 10.112998962402344, 1.103261947631836, 5.47927713394165, 10.186919927597046, 2.537238836288452, 10.09728479385376, 10.029609203338623, 11.201164960861206], "episode": [0, 1, 2, 3, 4, 5, 6, 7, 8, 9, 10, 11, 12, 13, 14, 15, 16, 17, 18, 19, 20, 21, 22, 23, 24, 25, 26, 27, 28, 29, 30, 31, 32, 33, 34, 35, 36, 37, 38, 39, 40, 41, 42, 43, 44, 45, 46, 47, 48, 49, 50, 51, 52, 53, 54, 55, 56, 57, 58, 59, 60, 61, 62, 63, 64, 65, 66, 67, 68, 69, 70, 71, 72, 73, 74, 75, 76, 77, 78, 79, 80, 81, 82, 83, 84, 85, 86, 87, 88, 89, 90, 91],