{"episode_reward": [-919.093356564641, -2226.8236654773355, -1127.817445576191], "nb_steps": [137, 1137, 1389], "mean_absolute_error": [1.7677843305799696, 2.9627907276153564, 2.08512020111084], "loss": [4.35631548654702, 261.2659606933594, 123.3245849609375], "nb_episode_steps": [137, 1000, 252], "duration": [3.3576908111572266, 15.559630155563354, 5.559803009033203], "episode": [0, 1, 2], "mean_q": [-1.2782951030466292, -1.5702462196350098, -5.359382629394531]}