{"loss": [71.13007510212871], "nb_steps": [69], "episode_reward": [-630.0], "mean_squared_error": [407.9728240966797], "nb_episode_steps": [69], "duration": [1.591897964477539], "episode": [0], "mean_q": [48.479614681667755]}